survey_code,text,created
YCGS,"Guilty or not, people shouldn't take matters into their own hands like this.  I hope the vigilantes are properly punished as well, and for everyone's sake I hope they didn't attack an innocent man.",2018-10-24 03:46:30.493857+00:00
QP11,"They should have let the residents deal with him, then deport him.",2018-10-24 03:50:05.273912+00:00
CIL6,Violence only begets more violence. We must deal with the perpetrator in a respectful manner. Justice will be served in a court of law.,2018-11-30 18:50:50.527242+00:00
RVAO,No more info on the motive/etc.?,2018-11-30 21:04:25.852128+00:00
HPE0,This is really disturbing.,2018-11-30 21:26:18.941257+00:00
8WK3,Need to kill that man! ,2018-11-30 21:27:15.495238+00:00
9SE6,"He got what he deserved, and he'll be expecting more beatings to come, if he survives.",2018-11-30 21:34:48.749906+00:00
CLPC,"I hope the guy was the actual perpetrator, otherwise there are multiple victims here.",2018-11-30 21:53:00.362078+00:00
9EFY,"I am sorry to see people letting emotions rule over rational, and legality. While this is a heinous crime, we must allow due process of the law to prevail, and stay away from vigilante behavior. ",2018-11-30 22:58:37.825288+00:00
KPJS,"Everyone deserves due process.  I can understand the overwhelming anger and grief that made these people seek retribution before the man was tried for the crime, but it doesn't make it right.  I hope there's justice for the child's family and that they can find peace.",2018-11-30 23:10:50.289548+00:00
MUSZ,The three people who beat him won't be charged. There'd be too much public outcry.,2018-12-01 00:21:18.060716+00:00
MFVL,This is a terrible thing.,2018-12-01 01:37:40.608712+00:00
K6ZM,Vigilante justice is the best kind of justice for monsters like this perpetrator!,2018-12-01 01:52:49.127794+00:00
ZV1N,I would be serving life in prison.Hurt my child and you're dead..PERIODT!,2018-12-01 02:24:34.019276+00:00
O4T0,no race mentioned = he wasn't white,2018-12-01 03:34:38.355295+00:00
PHIM,Fuck that dude.,2018-12-01 05:34:48.216605+00:00
PNAV,I think this person should get death penalty for killing a child.,2018-12-01 05:48:51.141082+00:00
MMH7,A tragic situation. ,2018-12-01 07:17:29.260451+00:00
OIG9,I understand why local residents beat up this person.  I hope they are not charged with crime,2018-12-01 10:51:42.952394+00:00
KO17,"I hope they got the right person - but if they did, I would support the beating especially if he truly killed a child. ",2018-12-01 14:45:35.452562+00:00
DTKW,Even if he really did kill the child it's not up to the citizens to dispense street justice.,2018-12-01 15:24:46.746446+00:00
E4IF,When will more details be available?,2018-12-01 15:27:53.189826+00:00
3V3C,Rest in peace,2018-12-01 15:34:24.513785+00:00
P5I9,Seems like someone has an agenda against Muslims.,2018-12-01 15:45:11.981572+00:00
XNQO,Gotta understand that we don't know the circumstances here. What promted him to do what he did? Lynching is an outdated method of justice and in a first world country should not be done.,2018-12-01 16:52:16.372685+00:00
X7KE,Truly sad to hear a child got killed.,2018-12-01 17:09:51.932092+00:00
3QVW,"I can't even imagine the pain of losing a child. Prayers to all involved, so sad.",2018-12-01 17:28:51.237467+00:00
L7NF,The loss of a child is a tragedy. People taking the law into their own hands is even more of a tragedy. ,2018-12-01 18:37:08.044326+00:00
6MFT,"I understand the urge to make someone pay, but vigilantism is probably not the answer. ",2018-12-01 20:58:26.256420+00:00
BVDK,I do not think this was the proper way to take care of the situation. People should not take actions into their own hands and shouldl et authorities take care of these matters,2018-12-01 21:02:10.777811+00:00
MKSV,I think that he will get what he has coming to him in a court of law ,2018-12-01 22:43:31.099374+00:00
YUEW,"This is clearly a hate crime. There's no mention of evidence, since of course they didn't need any to savagely beat a Muslim refugee. This is just more right-wing paranoia, racism, and violence.",2018-12-01 22:44:55.794646+00:00
CR8T,It seems terrible.,2018-12-02 00:38:34.498056+00:00
VFZH,this makes me a little sad,2018-12-02 01:06:54.898481+00:00
D84F,"Not a fan of vigilante justice, regardless.",2018-12-02 01:10:57.253234+00:00
YEES,"Hopefully the vigilantes found the right person, and not just some innocent bystander.",2018-12-02 01:15:42.567744+00:00
D7QL,"i DON'T SEE WHY THE MEDIA HAS TO INDICATE THE MANS FAITH , IS IT NECESSARY TO INSTIGATE MORE HATE IN THIS WORLD . WHAT HE DID WAS UNFORGIVABLE BUT IT SHOULDN'T BE LABELED WITH A RELIGION, JUST LIKE ANY OTHER CRIMINAL ACT.",2018-12-02 01:24:06.937739+00:00
XMWT,"I understand why they beat that man but we practice ""innocent until proven guilty"" in this country for a reason.",2018-12-02 03:19:46.676114+00:00
ZYN9,The only victim was the child and his/her parents.,2018-12-02 03:55:07.281898+00:00
AQIZ,"It is not up to the local citizens to take the law into their own hands. I know they were pissed, and I don't blame them, but we can not act like savages. Let the law take care of this suspect.",2018-12-02 04:49:08.046053+00:00
D574,Terrible that the man didn't suffer the same fate as his child victim.,2018-12-02 11:21:10.762108+00:00
X6MU,Very sad and my prayers go out to the family whose child was killed. ,2018-12-02 15:36:18.639125+00:00
LX90,Sick,2018-12-02 16:54:33.381775+00:00
PHNQ,this is so sad.he should be killed too..i feel so much pain for the families of the victims,2018-12-02 16:57:14.401210+00:00
GO70,This is such a tragic story.  :-(,2018-12-02 17:35:14.684197+00:00
DQZR,This is a very heartbreaking story. My heart goes out to the parents. The poor child.,2018-12-02 17:53:37.127118+00:00
KJTE,Prayers for the childs family,2018-12-02 17:56:01.479103+00:00
KJTE,,2018-12-02 17:56:01.694990+00:00
W9Q3,Mob justice is anarchy and disrespectful of law enforcement.,2018-12-02 19:29:25.790966+00:00
3N7K,"If more people took it into their own hands to extract justice, there would be less crime like this.",2018-12-02 20:01:34.750549+00:00
6ARX,This is the way the world is now.,2018-12-02 20:14:16.810477+00:00
ACH0,An eye for an eye....He should suffer the same horrible death his victim suffered.,2018-12-02 21:12:06.387998+00:00
HCOJ,I pray for all involved.,2018-12-02 21:31:58.120133+00:00
XAKI,While it is appalling that someone could hurt a child it is also wrong to take justice into your own hands. We have a system of justice in this country that needs to be followed regardless of how much our emotions are pushing us to seek revenge.,2018-12-02 23:20:54.774136+00:00
89HK,why is this on social media. it should be scrubbed from the internet,2018-12-02 23:51:38.968008+00:00
UUMY,What a horrible tragedy.,2018-12-03 00:28:03.484648+00:00
OHUL,What was the evidence against the perpetrator?,2018-12-03 00:42:11.753584+00:00
RNVB,"Instead of protecting this child, people respond with bloodlust. Sick.",2018-12-03 00:48:17.074356+00:00
EUYY,Was there proof the alledged person did it?,2018-12-03 00:54:09.877559+00:00
3LUA,should have killed the punk,2018-12-03 01:01:15.045550+00:00
EI8P,I pray for the violence to end.,2018-12-03 01:03:48.074272+00:00
OILA,"Don't be foolish enough to believe everything that you hear in the news. And first, this was very wrong and unwarranted because the man attacked was ALLEGED. He should be seen and treated as innocent until PROVEN guilty. I mean, really people?",2018-12-03 01:51:52.349266+00:00
UQSY,A tragic situation. ,2018-12-03 04:25:42.910654+00:00
WL0S,How terrible. What made this man do such a thing? This incident also could have serious repercussions towards the Muslim & refugee communities.,2018-12-03 04:39:18.326486+00:00
HAUC,"the killing of a child is bad, but this person is only a suspect and hasn't been convicted of anything. the people who attacked him are wrong here.",2018-12-03 05:22:22.211598+00:00
GXQV,I believed the Muslim deserved it. That action and attitude should not be tolerated,2018-12-03 05:30:53.410725+00:00
R3VZ,i hope the man they beat up was guilty and not just a suspect,2018-12-03 05:45:29.522576+00:00
HQKF,Vigilante justice is wrong.,2018-12-03 05:49:45.680279+00:00
GKTT,if he was indeed guilty he deserved what he got,2018-12-03 06:30:55.410409+00:00
1TVE,I wonder how fake news will spin this,2018-12-03 08:16:11.157362+00:00
TBLG,This is disgusting! ,2018-12-03 08:41:59.327711+00:00
BVEG,This is so tragic! ,2018-12-03 10:34:18.104728+00:00
S5LF,What a sad story. My heart goes out to the family of the child. I hope this man receive the punishment he deserves.,2018-12-03 11:53:19.687190+00:00
ZDDK,Due process is deserved by all.  We live in a country where you are innocent until proven guilty.  It is no excuse for vigilante justice.,2018-12-03 13:17:29.908816+00:00
05GC,I don't understand how anyone can harm a child.,2018-12-03 13:21:02.473817+00:00
KZJS,Violence should not be answered with violence. This will continue in an endless cycle. ,2018-12-03 13:25:59.436360+00:00
UNX4,Street justice is the best justice.,2018-12-03 13:31:42.735962+00:00
QLOR,Does anyone believe in innocent until PROVEN guilty anymore?,2018-12-03 13:35:49.858859+00:00
XK3N,why do people kill people in todays society? ,2018-12-03 13:43:16.071142+00:00
XTOG,"You're all a bunch of useless, clueless cunts.",2018-12-03 13:55:12.049989+00:00
K0PM,He should not of even been in this country. If that was my child and I found him I would make her suffer!!,2018-12-03 13:57:05.598551+00:00
UDCK,terrible... may justice be served.,2018-12-03 14:04:44.565915+00:00
YGVE,glad to see the 'vigilantes' are in custody,2018-12-03 14:08:02.433407+00:00
DUSJ,I think that people are justified in their anger and wanting revenge. If it was my child or someone I knew I would feel the same way. Justice can be served in many other ways than a courtroom. The only concern is if they got the wrong person.,2018-12-03 14:13:29.945653+00:00
UZXI,Such a terrible tragedy.,2018-12-03 14:18:58.400698+00:00
SHFC,"He deserved what he got, anyone who kills a child deserves to be brutalized and put to death, he is not a human but a beast and must be dealt with as such!",2018-12-03 14:23:54.555964+00:00
RNZ1,"I have lost 4 children in my lifetime and I am relatively young. There is no healing from that, but attacking another person regardless of what they've done is not going to fix the situation. It's horrendous, to harm children but think of the family.  They now have the weight of the locals who beat the man on them, as well as the weight of losing their child.",2018-12-03 14:35:08.260586+00:00
UGZE,HOW AWFUL,2018-12-03 14:52:21.203221+00:00
CGRD,"If they got the right person, I have no problem with it at all",2018-12-03 14:59:50.908494+00:00
Y1NB,I'd do the same. ,2018-12-03 15:09:56.570379+00:00
FMCK,Locals beat a man in the streets even though it wasn't proven that he was the killer?  Seems kind of messed up to me.  What if he hadn't been the one to do it?  Let the police and the court do their jobs.,2018-12-03 15:13:38.853643+00:00
2QYB,I hope this can be fixed ,2018-12-03 15:27:55.065849+00:00
DMCG,People shouldn't take the law into their own hands. Lynchings are ridiculous. ,2018-12-03 15:49:32.006697+00:00
VV4U,What if they attacked the wrong man? The criminal justice system is there for a reason. ,2018-12-03 16:06:00.520671+00:00
UOKW,"I feel for the perpetrators however, vigilantly justice would make this world unsafe for all of us in my opinion.",2018-12-03 16:06:01.641974+00:00
RRBF,Hate that an alleged perp is automatically considered guilty by everyone.  Innocent until PROVEN guilty.  Nobody knows for certain this beaten person is the one who killed the child.,2018-12-03 16:11:21.451182+00:00
3JOK,Just a horrible situation,2018-12-03 16:39:27.591208+00:00
HGUC,"If guilty, this man should be punished. Let the criminal justice system work this out. Attacking him fixes nothing. ",2018-12-03 16:46:38.228631+00:00
LZ5T,This person is not going to last very long in prison.,2018-12-03 16:50:53.705711+00:00
LZ5T,This middle-aged male muslim refugee who had been living in the community for about one year should be sent back to where he came from and let them deal with him.,2018-12-03 16:54:15.784389+00:00
RJYO,"Although I do believe in the saying ""Two wrongs don't make a right"", if it was my child or a child of someone I loved, I would have a hard time not seeking revenge.",2018-12-03 18:50:19.276781+00:00
DIY1,It can never be right to take justice into your own hands. Nothing good will come from attacking this man. It needs to go through the court. ,2018-12-03 19:11:04.444136+00:00
2L5D,this is one of the worst things that could happen.,2018-12-03 19:12:03.707647+00:00
H70S,Fuck that guy he deserved it.,2018-12-03 19:22:20.121459+00:00
OR4A,"Vigilante justice erodes our system of laws. Without laws we cease to be a free country. Everyone, no matter the crime, deserves due process. ",2018-12-03 19:36:37.755468+00:00
AGJX,Justice was served.,2018-12-03 19:44:08.694645+00:00
YALF,"In this country we are innocent until proven guilty and we can't start taking the law into our own hands. If he was guilty, he can be punished by the law. Otherwise, citizens need stay away from viligante justice.",2018-12-03 19:45:12.315014+00:00
42OX,"This is very difficult, and I appreciate the information. ",2018-12-03 19:55:01.150182+00:00
AP1L,"It's sad that someone died, but lynchings shouldn't be allowed either.",2018-12-03 20:21:41.984952+00:00
ALA3,Good job by the local citizens in catching this guy.,2018-12-03 20:50:45.571665+00:00
F0OZ,What about justice in the courts first?,2018-12-03 21:57:57.303720+00:00
HKGJ,Does the world ALLEGED not mean anything anymore?  Vigilante justice is not right.,2018-12-03 22:12:09.969070+00:00
ECEL,Was he legally here?,2018-12-03 22:25:13.686614+00:00
I33P,My heart is broken for the family of the child.,2018-12-03 23:36:58.805781+00:00
KBN4,"Is there any evidence the guy actually committed the crime, or did a crowd of angry people beat the tar out of some guy who might be completely innocent?",2018-12-04 00:13:31.608166+00:00
NFSU,This makes me very sad,2018-12-04 00:52:19.720297+00:00
HTWV,Agreed. Anyone who harms my child will pray for death!!,2018-12-04 00:57:25.102632+00:00
LJ2S,We forget that it's entirely possible that the beaten man was INNOCENT.  Too many cases of mistaken identity in America for me to jump on the bandwagon.,2018-12-04 01:06:47.772439+00:00
YDVH,This is a sad tragedy and I hope they can find justice in this horrible act,2018-12-04 01:27:57.803921+00:00
TMMV,My life would pretty much be over at that point. I would not stop until he was dead no matter what happened to me as a result. There could be no excuse for hurting a child.,2018-12-04 01:53:02.397641+00:00
I99O,"The perpetrator needs to be punished, but vengeance is not justice. ",2018-12-04 02:00:15.724376+00:00
LD0Y,"This is a horrible situation. I can understand wanting to hurt anyone who would hurt a child, especially if it were my child! ",2018-12-04 02:02:25.806432+00:00
A8MI,There is no easy way to explain to this child why this happened to him. I hope justice is done for this child.,2018-12-04 03:57:25.037396+00:00
IPFF,"While the murder of a child is of course horrorific, vigilante justice - while tempting - is never the answer, nor is it line with the fundamental beliefs that our country was founded on. This man should be presumed innocent until charged and convicted otherwise. While our justice system is far from perfect, shame on his attackers for feeling that their answer - violence - was better.",2018-12-04 06:16:33.591948+00:00
UEQU,The locals' reaction is unacceptable. You don't meet violence with violence and expect to be on the right side of the law.,2018-12-04 07:16:46.903347+00:00
7PKZ,There should be no gun free zones and more people should carry guns on them. ,2018-12-04 08:23:04.581000+00:00
6PMS,why do people kill people in todays society? ,2018-12-04 08:31:45.678036+00:00
3L9E,"Hopefully he is the guilty party, people cannot be the judge, jury and executioner ",2018-12-04 08:42:21.934145+00:00
LSXH,The killer deserved it.,2018-12-04 09:00:35.089804+00:00
ZIPI,That's crazy!  He deserved what he got.  Eye for an eye! ,2018-12-04 13:04:49.749147+00:00
O3I9,Vigilantly justice is still wrong,2018-12-04 15:19:24.506344+00:00
VQGX,"Honestly he got what he deserved, I don't feel bad for him.",2018-12-04 15:54:44.102830+00:00
EWK2,This type of thing just should not happen.,2018-12-04 16:45:19.514220+00:00
SDQV,"This is terrible, I hope justice is done for everyone involved.",2018-12-04 19:31:59.997104+00:00
YMOK,Very sad. ,2018-12-04 21:00:06.679116+00:00
UGCV,Nothing less than capital punishment. ,2018-12-04 23:27:08.284640+00:00
8KLG,"It's not a good idea for citizens to track down and hurt someone who has not been proven guilty. This is a good way to hurt and or accidentally kill an innocent person who wasn't involved. That said, we have a mental health problem in this country. We worry about so many other things, but we ignore that we need to figure out how to become smarter about changing things for the mentally ill in this country so that we can at least decrease these senseless tragedies.",2018-12-05 02:06:16.040834+00:00
CSNR,Was this person here legally or part of the visa lottery?,2018-12-05 03:50:17.001176+00:00
CHOF,"I am not going to like any comments because I don't like any of the comments. I'm not going to report them because none are offensive. Yet, and despite the fact that I do not want to take any action in response to this article, I am being forced to leave a response in order to continue with the survey. In ""real life"" I would read this article, and the comments, and leave without any remark or report. Why them am I being forced to respond in a way that is false in order to complete the data collection phase of this experiment?",2018-12-05 04:00:22.044853+00:00
4RVQ,This is truly a tragedy,2018-12-05 10:26:03.520538+00:00
Y4AQ,alleged? due process much people.  doesn't look good.,2018-12-05 11:49:45.715248+00:00
T8PU,"Remember, innocent until proven guilty.",2018-12-05 15:49:26.598453+00:00
7BGN,Although I don't condone violence.  I would have a hard time feeling sorry seeing a child killer getting beat up.,2018-12-05 16:28:26.029956+00:00
KFUS,The murder of a child is not to be taken lightly but let the courts decide on guilt.  Taking to the street to beat another human being is wrong.  ,2018-12-05 16:29:11.801933+00:00
BAE4,Did the locals have proof that he was the perpetrator? ,2018-12-05 16:54:24.192960+00:00
0EBL,"If they actually caught him in the act, I could see why someone would do this. If they had to track him down, though, that implies they didn't catch him in the act. At that point the job of apprehending him/punishing him is better left to the police and justice system.",2018-12-05 17:55:23.950545+00:00
CVSG,What evidence was there to indicate his guilt?,2018-12-06 19:20:36.426739+00:00
RIN5,Such a tragic story. ,2018-12-06 22:02:20.589463+00:00
NK8I,Simply horrible.  I can’t blame them for wanting to take things into their own hands.,2018-12-07 12:38:21.072825+00:00
YWUY,Sad and Senseless. What a horrible loss for the parents.,2018-12-07 15:00:11.381701+00:00
8XSF,"I can't fathom the loss of one's child, particularly by homicide. That said, the only sympathy I feel is for the child's family.",2018-12-07 15:37:45.578963+00:00
AGDC,Sad for all involved.,2018-12-07 16:33:15.193957+00:00
YWZN,It's a shame he wasn't beat more severely.,2018-12-07 22:10:15.728945+00:00
JV0T,This is a really sad incident.,2018-12-07 23:11:31.870623+00:00
C6D4,"This is a tragedy. I hope for the sake of the victim the police arrested the right man, if not then it'll just be another tragedy of a innocent man being beaten and the real suspect still at large.",2018-12-07 23:11:34.437811+00:00
HHA9,I'm glad he was caught. My prayers for the family.,2018-12-07 23:14:45.677630+00:00
OC9Q,This is just sad.  I don't understand the mentality of some people!,2018-12-07 23:18:39.440382+00:00
Q85C,He got what he deserved. He should count himself lucky.,2018-12-07 23:20:05.746907+00:00
TM0P,fuck muslims,2018-12-07 23:22:01.858774+00:00
QKOC,That's sad,2018-12-07 23:25:28.750675+00:00
87S9,Don't know how people like him are present.,2018-12-07 23:30:13.702713+00:00
FGTC,Innocent until proven guilty in a court of law.,2018-12-07 23:38:25.037789+00:00
LPNM,"I know vigilante justice is frowned upon, but I can see why a person would take the law in their own hands when certain crimes are committed. ",2018-12-07 23:40:00.161503+00:00
JZZW,While I don't want people to take the law into their own hands... I wish I felt worse about it. ,2018-12-07 23:40:25.076989+00:00
QLPM,I think he got what he needed to get and hope he feared for his life while he was getting beaten got off much easier than the little girl.,2018-12-07 23:42:07.664746+00:00
FDSY,"Good for them. Muslim , christian, or agnostic.. Should have done more to the, ",2018-12-07 23:45:43.122071+00:00
UT7M,nothing is worse than harming a child,2018-12-07 23:52:26.848925+00:00
ITYO,Sad,2018-12-07 23:52:49.733019+00:00
CGFU,I really hope he gets charged with this gruesome murder.,2018-12-07 23:54:00.200845+00:00
QFM5,I 'am praying for the family.,2018-12-07 23:55:41.051780+00:00
JFE0,They should get off jail free. ,2018-12-07 23:55:42.293932+00:00
I5RD,Way to go locals! I would have done it too!,2018-12-07 23:56:25.366964+00:00
UJDG,Not right for people to take the law into their own hands.,2018-12-07 23:57:26.416175+00:00
AJI0,He deserves worse than that.,2018-12-07 23:57:59.460839+00:00
REB8,"I understand the need to do something, but beating a person in the street is ridiculous.  ",2018-12-08 00:02:37.129250+00:00
JW9T,i feel so bad and wish there was something i could do to help out in this time of need.It is people like that that is why the world cant heal and we cant have peace,2018-12-08 00:11:38.310200+00:00
G4UF,Sad that this has happened. RIP to the victim,2018-12-08 00:19:47.362696+00:00
49KM,Just beating someone isn't the American way.  We have a justice system.  ,2018-12-08 00:21:51.539056+00:00
G7V7,He deserved that beat down!,2018-12-08 00:23:22.042343+00:00
BOBV,i hope one day we can stop seeing things like these !,2018-12-08 00:29:03.789888+00:00
LGS5,This is crazy.,2018-12-08 00:30:57.348174+00:00
RY17,I hope this is fixed in a peaceful manner and hope no one gets hurt.,2018-12-08 00:31:34.086727+00:00
IS6C,It's so sad. Heart goes out to the family.,2018-12-08 00:33:57.477334+00:00
16IU,how did they know he was the right guy?,2018-12-08 00:33:57.746669+00:00
AX53,It's time for the justice system to take over,2018-12-08 00:35:14.458845+00:00
DFXJ,Thoughts and concerns goes out to the victims and the families victims.,2018-12-08 00:41:11.945603+00:00
4GX4,I hope they caught the right man.,2018-12-08 01:12:54.728095+00:00
KWFT,This is such a sad situation for everyone involved. ,2018-12-08 01:14:26.247676+00:00
ZWJV,The people who beat this person should be let go.,2018-12-08 01:17:27.734965+00:00
QTS0,long overdue,2018-12-08 01:19:05.713920+00:00
OQQG,"This is what he gets, if you go around abusing children you shouldn't be suprised when their parents come after you. This man deserved everything he got and I would need to see more evidence to make a final decision but I think a case could be made that the citizens were conducting a citizen's arrest and just doing what they had to in order to detain the suspect until police arrived.",2018-12-08 01:41:24.025717+00:00
DKFO,No one should have to bury their own child.  No one.,2018-12-08 02:51:12.216217+00:00
V1GR,An unnecessary violence for this poor family.,2018-12-08 02:52:25.866500+00:00
TZ2B,"I wish they would have finished the job, it would save the taxpayers a lot of money!",2018-12-08 02:52:50.957630+00:00
VEIR,Such a difficult place to be and what heartache the family must feel.,2018-12-08 02:53:43.190493+00:00
UOM5,I hope that this man really did the crime and wasn't assaulted for nothing.,2018-12-08 02:54:24.827752+00:00
VEIR,such a difficult place to be and the heart ache this family must be facing,2018-12-08 02:54:31.600807+00:00
BL2O, I CAN'T SAY HIS DEMISE WOULDN'T COME FROM MY HANDS IF IT HAD BEEN MY CHILD. ALTHOUGH I FEEL ITS THE CHILD'S RETRIBUTION AND THE FAMILY'S. PRAYERS TO THE FAMILY,2018-12-08 02:57:37.096950+00:00
5GCI,It's horrible! There's no reason to kill a child!,2018-12-08 02:57:42.584922+00:00
F6AV,I can't begin to say what I think should happen to child killers. Rest in peace...,2018-12-08 02:58:29.775184+00:00
Y6DD,I think that the three citizens who beat the perpetrator should be released because of the situation and that they reacted to a crises situation and should not be charged.,2018-12-08 02:59:01.001092+00:00
DNCV,"If this man killed my child, I would have him begging for death.",2018-12-08 03:00:09.499606+00:00
J4SU,This is horrendous.,2018-12-08 03:01:51.007152+00:00
TEWB,"I'd like to know more details about what happened to the child.  Is this man for sure the killer or is he just targeted because he's Muslim?  Also, I wonder what charges will be brought upon the three men that beat him up.  Hope they get jury hearings because that would be hard to prosecute.",2018-12-08 03:04:08.792865+00:00
K5ZE,they must have seen him literally in the act to respond as they did,2018-12-08 03:08:21.926606+00:00
VIZG,Wow! ,2018-12-08 03:37:21.520729+00:00
0RSQ,He killed child that's not correct.,2018-12-08 03:43:17.634311+00:00
KMZF,"I will never understand what leads a person to murder, especially a child. He was lucky he was spared his life, and now he can rot in jail, unless his fellow inmates decide to finish what was started before he was arrested!! Prayers to the family of the child.",2018-12-08 03:56:25.811455+00:00
1HVV,If he did do it then what comes around goes around. My daughter's rapist is free,2018-12-08 04:02:48.291492+00:00
0ES7,How sad!,2018-12-08 04:18:00.532865+00:00
IU8O,"There needs to be a lot more detail before it's time to beat someone in the street. A person that murders a child should be put to death, but courts are there to ensure that the right person is receiving the punishment.",2018-12-08 05:30:20.090940+00:00
MU54,"Very sad story. Tragic for the victim, family of the victim, town at large, and the Muslim community that will end up getting hate filled blame.",2018-12-08 05:33:35.975507+00:00
HIP9,This is terrible,2018-12-08 05:35:41.636916+00:00
IZHM,"This doesn't sound like vengence, this sounds like a hate crime.",2018-12-08 05:40:15.712523+00:00
URUH,I don't think the three local citizens should suffer any consequences for their actions.  I would do the same thing if that were my child.  I believe that man got exactly what he deserved!!,2018-12-08 06:31:08.488862+00:00
KMYB,It is interesting,2018-12-08 06:54:31.308032+00:00
XP2X,I don't blame these locals one bit.,2018-12-08 06:55:18.996083+00:00
LV6G,"How sad can this be, to harm an innocent child",2018-12-08 06:57:38.512695+00:00
I9FR,"This is really sad, I hope they ultimately have the right person in custody.",2018-12-08 07:22:11.285967+00:00
AC5D,I think it is awful that this kind of thing can happen in our county. Please keep America in your prayers!,2018-12-08 07:26:34.169904+00:00
481S,Vigilante justice is never ok ,2018-12-08 07:29:00.428069+00:00
PEAC,"@FilmFanatic6, have you heard of honor killings? its sad.",2018-12-08 07:36:57.821398+00:00
VUIT,Don't forward to police. killed him.,2018-12-08 07:44:48.474789+00:00
VUIT,No,2018-12-08 07:45:19.814265+00:00
VUIT,The identity of the victim is not been released.,2018-12-08 07:47:10.244193+00:00
VUIT,yes. I am killed him whobody killed my child.,2018-12-08 07:48:15.752069+00:00
VUIT,killed him immediately,2018-12-08 07:49:25.296438+00:00
HSI5,Hope it wasn't the wrong guy,2018-12-08 08:06:41.796580+00:00
HHYX,Very sad,2018-12-08 08:32:34.312979+00:00
T9XG,"the residents being taken into custody is the right call, even though the suspect was wrong. The residents did assault on the suspect which is still a crime.",2018-12-08 08:43:21.130012+00:00
E6YF,Very sad,2018-12-08 08:45:06.466562+00:00
OZB3,Thats horrible.,2018-12-08 08:55:19.674753+00:00
T42G,What a tragedy! I'm glad the man got what was coming to him.,2018-12-08 12:36:41.726600+00:00
UZAL,Are they sure he was the correct perpetrator?  ,2018-12-08 13:56:34.729776+00:00
VQFO,If we do not have innocent until proven guilty in this country what do we have?,2018-12-08 13:58:43.347911+00:00
BNG9,He should have been hung in a public square.,2018-12-08 13:59:03.781569+00:00
7NLS,Alleged perpetrator -what if they beat an innocent man?,2018-12-08 13:59:37.422213+00:00
JHO7,no comment,2018-12-08 13:59:52.099430+00:00
OM6E,"Horrible tragedy . That being said, I hope  they were 100% sure that they had the right man before they beat him up. If it was in fact him, I hope he suffers.",2018-12-08 14:01:54.427289+00:00
POV9,This is such a sad story.,2018-12-08 14:03:11.962815+00:00
AVBH,They should have killed him right then and there. Hopefully they put him in general population and do not waste tax money protecting him from other inmates.,2018-12-08 14:07:06.725465+00:00
MZNL,Vigilante justice is not the way to go.,2018-12-08 14:09:53.632212+00:00
KSPZ,I really hope they get this guy.,2018-12-08 14:09:54.061939+00:00
1LZY,"Children are innocent, this man deserves to be punished for his crime",2018-12-08 14:13:14.884918+00:00
PXEP,Not much info to go on in the article,2018-12-08 14:18:46.026480+00:00
DHSX,Justice was done in the street like taking out a filthy rat! Too bad they didn't finish the job. ,2018-12-08 14:25:10.619382+00:00
KWQO,I would be crazy mad if this happened to my child,2018-12-08 14:26:48.154288+00:00
F8DT,remember innocent till proven guilty,2018-12-08 14:27:21.650705+00:00
YEZP,I hope this man gets what he deserves!,2018-12-08 14:28:03.302885+00:00
5QST,Not sure how effective is vigilante justice but hopefully that people who committed the crime are punished,2018-12-08 14:28:20.056361+00:00
H7RD,What a bad dude. ,2018-12-08 14:28:39.438418+00:00
5NMK,Hope they got the right person and didn't beat the cap out of an innocent man..,2018-12-08 14:29:10.782579+00:00
G7BI,damn that's crazy,2018-12-08 14:29:30.083404+00:00
W8FK,This guy should be arrested and charged if he's guilty not beaten in the street like some third world mob.,2018-12-08 14:30:27.101055+00:00
W8FK,This guy should be arrested and charged if he's guilty not beaten in the street like some third world mob.,2018-12-08 14:30:27.252236+00:00
A8VR,Tragic,2018-12-08 14:30:54.322601+00:00
FOXV,How incredibly awful ,2018-12-08 14:31:22.666987+00:00
QBZP,You cant be killing a child not expect something to come from it.,2018-12-08 14:31:50.354018+00:00
QKS2,What if they got the wrong person and this is just a cover up of a hate crime against Muslims?  This is worrisome.,2018-12-08 14:31:58.650357+00:00
AIXH,"stories like this annoy me. The dangling of a juicy morsel like ""homicide of a child"", and everyone turns to look. I wish these stories were reported after all sides of the story are in. I am staunchly against pre-judgement. I can think of at least 3 major stories in my lifetime that painted victims as villains at the outset.",2018-12-08 14:32:04.770368+00:00
JVBG,"What is the world coming to? It seems like every day we have another senseless tragedy such as this to deal with. I understand the sentiment of the gang who beat the perpetrator and would have likely participated, had I been there. It does raise the question though, where were the authorities?",2018-12-08 14:34:24.444560+00:00
RXVP,"Good, I hope they beat him badly.",2018-12-08 14:36:46.371920+00:00
NGGK,Terrible.,2018-12-08 14:42:15.040964+00:00
0PBB,So sad! My heart goes out to the victim and his family :(,2018-12-08 14:46:49.396209+00:00
8BIW,Miscellaneous,2018-12-08 14:56:17.805791+00:00
8A6F,"I would not be surprised if the perpetrator turned out to be on psychiatric medications, which seem to often tip people into psychosis, although the media always seems to be careful not to mentio this because they don't want to alienate Big Pharma and Psychiatry.",2018-12-08 14:58:26.104276+00:00
YPBV,i would gerard butler them,2018-12-08 14:58:36.277209+00:00
PH41,"I would definitely feel like beating the perpetrator, but I'm not sure I would actually do it unless I felt he was not going to be held accountable through the legal system.",2018-12-08 14:59:36.104087+00:00
6NLW,My thoughts go out to both families. ,2018-12-08 14:59:57.959116+00:00
M2OU,Sometimes it seems there's no peace in this poor sad world we live in.,2018-12-08 15:00:53.043657+00:00
YQNC,I certainly hope they got the right guy.,2018-12-08 15:01:19.974283+00:00
UBVH,What goes around comes around. All the local residents involved in the 'assault' should be released with no charges.,2018-12-08 15:01:29.035554+00:00
QF2C,Losing a child is very hard and I can understand taking revenge on the person who did it.  Are we certain this person did this since he has not had a trial?,2018-12-08 15:01:36.100790+00:00
E27H,Prayers for the family of the child.,2018-12-08 15:02:23.319175+00:00
15KC,I expect the polica can solve this case fast,2018-12-08 15:02:43.338772+00:00
AO8X,"It was a disgusting and awful situation and to be honest I do not blame locals who tracked down the alleged perpetrator, he deserved it.",2018-12-08 15:03:08.851441+00:00
YZEA,It makes me wonder how anyone can do such a thing?,2018-12-08 15:03:45.527152+00:00
AT69,People should not take the law into their own hands though I understand the anger over a child’s murder,2018-12-08 15:03:56.161716+00:00
G7KM,Were there eye witnesses? How was the Alleged Perpetrator identified?,2018-12-08 15:05:22.364807+00:00
Z6TO,Why have courts if we can side step them when we want to.,2018-12-08 15:05:34.130725+00:00
0OYY,An eye for an eye!,2018-12-08 15:08:18.529706+00:00
0OYY,An eye for an eye!,2018-12-08 15:09:40.600931+00:00
YRFM,I think government should do more to prevent tragedies like this. Perhaps more surveillance in communities.,2018-12-08 15:10:15.929031+00:00
VNIY,This story is missing a lot of pieces and only tells a vague story. When and where did the man kill the child? Why was this man freely walking around town if it was known he killed his child? I dont understand this article. It is missing key information for me to form an opinion.,2018-12-08 15:12:36.652153+00:00
1CN8,I can't believe that they arrested the people who gave him his just rewards.  ,2018-12-08 15:14:25.195224+00:00
SRQB,"The entire situation is a tragedy, and our justice system is not supposed to run on mob rule. ",2018-12-08 15:16:21.335207+00:00
I42D,I couldn't imagine being part of that. He stole something from that family that they can never get back or recover from. Prayers.,2018-12-08 15:18:15.081409+00:00
WT5U,So sad on all accounts.  ,2018-12-08 15:19:16.262506+00:00
G5IS,I don't see any proof that he did it.,2018-12-08 15:26:16.599174+00:00
GPUW,How did they know for sure it was him? Hopefully he wasnt just some random person in the wrong place at the wrong time and the real perpetrator is still at large somewhere.,2018-12-08 15:36:03.989146+00:00
4LBY,"That is sad, but I'm not sure if citizen justice was the right call.",2018-12-08 15:37:00.584906+00:00
2NHQ,How sad! Whoop that mans ass though please,2018-12-08 15:41:42.072434+00:00
U1TN,I hope justice can be brought to this case.,2018-12-08 15:42:56.407462+00:00
25M9,Vigilante justice rarely targets the right person. ,2018-12-08 15:43:06.100540+00:00
HFVU,"Although it is a horrible situation, it does not give people the right to beat the man either. This man will get whats coming to him. Vengeance is mine saith the Lord. It makes people as bad as the man when they do the same thing. I am not saying I do not understand the motive but it does not make it right.",2018-12-08 15:44:19.451686+00:00
FGMV,"So sad.  So terribly, terribly sad.",2018-12-08 15:44:26.022528+00:00
06LZ,Mob justice is not justice ,2018-12-08 15:45:53.810651+00:00
DGON,"Vigilante justice is so tempting, but laws have to protect everyone, not just good people",2018-12-08 15:46:44.604117+00:00
3XSY,"IF HE IS FOUND GUILTY, THE ATTACKERS SHOULD BE SET FREE",2018-12-08 15:47:07.095737+00:00
AOYA,"I wish there was more to the story.  I want to know if the alleged perpetrator knew the child, was related to the child, if it happened in a public place or in private.  Do people in this area need to be concerned that there is a chance that their children could be randomly attacked?",2018-12-08 15:47:23.153446+00:00
QMH8,Says alleged so this action could possibly be against an innocent man which is as horrific as the initial crime itself. Until he is found guilty this should not have happened.,2018-12-08 15:48:21.753649+00:00
6OTQ,It's nice to see citizens take action in their communities,2018-12-08 15:49:31.704814+00:00
QEHD,great,2018-12-08 15:49:46.527311+00:00
VYZJ,The hooligans would assaulted this man should be tried and punished to the maximum allowed by law.,2018-12-08 15:49:49.248320+00:00
TYQK,"I would not have only beaten the perp, he'd be gone too.",2018-12-08 15:50:06.464694+00:00
HYLF,I am so sad for the family that lost people to this tragedy.,2018-12-08 15:50:40.992894+00:00
N3XX,"Good, I hope he dies",2018-12-08 15:53:23.391177+00:00
ZMUI,I'm glad he was beaten. He deserves to die too. What would drive him to take the life of an innocent child?!,2018-12-08 15:53:39.991184+00:00
XERM,I think this is a tragedy.,2018-12-08 15:55:30.145031+00:00
DBQU,it's so painful to loss a child.he should be made to pay for his crime,2018-12-08 15:55:41.624898+00:00
O37I,Very tragic no matter how you look at this situation.,2018-12-08 15:56:00.547659+00:00
BDID,I can’t imagine what went through this guy’s mind to do something like this.,2018-12-08 15:56:10.567599+00:00
R6OL,I just hope they didn't rush to Judgement because he is Muslim. If they really did this then it's deserved. But we have to be careful rushing to judgement. ,2018-12-08 15:58:40.288182+00:00
C7PJ,just horrible,2018-12-08 15:59:03.627947+00:00
N00E,"Even if he did do it, the people that beat him should be punished, as well.",2018-12-08 16:00:01.067146+00:00
6WPE,Horrible. God bless the soul of that child. ,2018-12-08 16:02:55.273980+00:00
NCV9,"what if the person was not guilty, a case of mistaken identity???",2018-12-08 16:04:14.286602+00:00
OOCH,"Even an alleged child-killer is guaranteed to be seen as innocent until proven guilty in a court of law.  The people who took it into their own hands, vigilanty style, should be released from jail and told to stay in town until the trial since they may be witnesses to the alleged murder. . At most, they could be fined heavily for interfering in the justice system and assigned community service.",2018-12-08 16:09:35.727929+00:00
HCUF,I would have joined in with beating him. ,2018-12-08 16:15:34.675087+00:00
XUYE,I think the killer deserved what came to him.,2018-12-08 16:15:44.376996+00:00
4ZGF,Terribly sad story.  ,2018-12-08 16:20:38.926927+00:00
QZAZ,"This is shocking, how did this happen?!!?",2018-12-08 16:25:40.141912+00:00
CWQW,How horrible!,2018-12-08 16:50:16.327243+00:00
AUVP,I'll never understand what makes an adult kill a child.,2018-12-08 16:54:04.549054+00:00
PYYV,I hope all facts come to light and not mob mentality worry. ,2018-12-08 16:54:42.768959+00:00
WFTL,"While this person may have been the perpetrator, it is alleged at this point and the people that beat this man have no idea if it was him or not.",2018-12-08 16:57:01.960088+00:00
MXZS,nice,2018-12-08 16:57:19.238257+00:00
LEIB,"I don't condone this kind of mob justice, but I can't say I blame the people involved.  ",2018-12-08 16:57:34.093105+00:00
MXZS,100,2018-12-08 16:57:49.364381+00:00
SIF9,"My heart is in pain for this child and his or family.  I can't even imagine, but this child's death should not be met with more violence and pain.",2018-12-08 16:58:01.960806+00:00
MXZS,this is nice,2018-12-08 16:58:39.823184+00:00
MXZS,amazing,2018-12-08 16:59:40.754187+00:00
MXZS,good,2018-12-08 16:59:48.386319+00:00
MXZS,nice,2018-12-08 16:59:53.645664+00:00
QDAT,"Why did they just beat him? Kill my child and lose your life, simple as that. Good luck getting a grand jury to indict me.",2018-12-08 17:00:11.356762+00:00
NMLN,its nice ,2018-12-08 17:03:07.625405+00:00
PQFY,This is horrible and this is why people cant say oh refugees are fine. A very strict monitoring system should be put into place. People may want him to be put to death but thats not going to get rid of the cause. Its other parts of the world that have crazy beleifs. ,2018-12-08 17:03:24.351788+00:00
14HF,I hope *taken into custody* doesn't mean arrested. Sounds like a natural reaction to the killing of child.,2018-12-08 17:04:50.448128+00:00
2FDA,"As heinous as this crime is, mob ""justice"" is never the answer. Especially when he hasn't even been convicted of a crime yet.",2018-12-08 17:05:45.426844+00:00
8DOX,"What this man did is terrible, but taking the law into your own hands is not the answer.",2018-12-08 17:06:34.603196+00:00
SDKM,"This can't be acceptable,Need rights to the child.",2018-12-08 17:07:13.160235+00:00
1EWP,Horrible two ways,2018-12-08 17:10:29.174755+00:00
DSPJ,"Well, that man deserved it.",2018-12-08 17:14:13.433631+00:00
SI99,I don't blame them for wanting to enact justice.  Especially when the justice system often fails to deliver it.,2018-12-08 17:15:25.785796+00:00
VRB9,Indiana man facing charges for breaking into Cincinnati home twice.,2018-12-08 17:19:40.809851+00:00
HSN1,"How awful for the poor baby, :( Karma came quick for the murderer and I hope nothing but hell for him as long as he lives.",2018-12-08 17:23:08.256700+00:00
MMOU,Good idea,2018-12-08 17:24:32.054868+00:00
SSGL,This is a terrible tragedy and my thoughts go out to the family of the victim.,2018-12-08 17:24:36.193695+00:00
EZMV,It was bad for socity,2018-12-08 17:24:52.392601+00:00
3YWB,People should not take the law into their own hands. That man is innocent until proven guilty.,2018-12-08 17:29:25.337619+00:00
LRHY,I think police should take care of justice,2018-12-08 17:40:13.377477+00:00
XMWG,"If he was the perpetrator, dude got what he reserved",2018-12-08 17:46:04.190213+00:00
E6NA,"This is terrible. I can not say that the locals were right for beating the perpetrator, but I can not say they were wrong for it also.",2018-12-08 17:47:31.892581+00:00
KLXT,I can't agree with the actions of the community.  The alleged perpatrator may not even be responsible for the murder.,2018-12-08 17:47:51.864892+00:00
G8DD,You can't take the law into your own hands.  All people are entitled to due process.,2018-12-08 17:52:46.100938+00:00
LJQH,"It is good the alleged perpetrator was seized and he should be tried fairly.  But the mob mentality and violence to take matters into their own hands is dangerous and those involved must face charges, also.",2018-12-08 17:52:59.717035+00:00
HO6B,Very sad story but I really hope this doesn't lead to something else. All it takes is one person for white people to blame the whole group.,2018-12-08 17:53:28.747804+00:00
OCEF,"It’s a horrible what they had done, but that is why we have the law and police to take care of the bad guys.",2018-12-08 17:53:38.440624+00:00
A7UK,How do they know the guilt of the perpetrator,2018-12-08 17:58:47.810227+00:00
WASO,fake news,2018-12-08 17:59:25.036429+00:00
SQ7Q,We must follow the legal system even in heinous crimes.,2018-12-08 18:00:32.152010+00:00
ZR04,"Such a tragedy, prayers to the family",2018-12-08 18:01:04.383187+00:00
WE4F,Innocent until proven guilty no longer applies?,2018-12-08 18:01:44.821965+00:00
XIUZ,if he did that to my kid i would retailiate f it,2018-12-08 18:02:55.970755+00:00
07TQ,I feel for the victims and their family. Sad to see such a thing happen.,2018-12-08 18:06:28.819878+00:00
JHKX,"As long as the residents were 100% sure that this man committed this crime, then this beating was justified (such as, numerous people seeing him committ this crime or the suspect bragging to numerous people about committing it). The people that beat him up should not have been arressted. Too many times, the justice system either takes too long to secure justice or the various choices and plea deals available do not hand the proper sentence down to the perpetrator and they get off way too easy for the crime that they committed. The people should be able to achieve their own justice when the system fails to do so. Anybody that hurts an innocent child should receive the ut-most punishment available.",2018-12-08 18:11:41.806965+00:00
RYQS,He deserves worse than the beating he took. ,2018-12-08 18:13:50.851993+00:00
BWT1,This is called anarchy and is not the way our justice system works.  ,2018-12-08 18:15:05.518419+00:00
VQKS,This man should suffer heavy sentence for killing a child if not death sentence.,2018-12-08 18:17:17.331786+00:00
R4HT,"This was a senseless crime, my prayers grow out to the family of the victime.  We need to do more more to vet refugees and moderate our borders",2018-12-08 18:27:14.604959+00:00
6NBP,I can't believe people can do something like this.,2018-12-08 18:27:18.703318+00:00
P3KT,"We need more mental illness treatment, funding, and awareness in this country. Note to other commenters: you are ignorant. Educate yourselves, and perhaps this sort of violence can be prevented in the future.",2018-12-08 18:30:16.786813+00:00
SVNS,"This is an awful situation all the way around. If it is true that the alleged suspect intentionally or recklessly killed the child, then he got off easy from the three who beat him up.",2018-12-08 18:31:23.078131+00:00
10GV,I hope that the police can talk with the family of the victims. this is so sad,2018-12-08 18:51:55.597798+00:00
08B6,I sure hope they beat the right person,2018-12-08 18:55:58.644864+00:00
QW8I,"I understand the will to retribution, but I cannot condone vigilante action. There is a legal process for a reason and as citizens we have to follow that process.",2018-12-08 18:58:20.635319+00:00
4CPQ,"How did they people that beat the hell out of the alleged perp, know for sure he is the one that killed the child. In this country we seem to judge very quickly these days",2018-12-08 19:03:46.108624+00:00
4L4N,why did he do it?,2018-12-08 19:24:29.863579+00:00
EU6U,The loss of a child in unfathomable,2018-12-08 19:35:46.084247+00:00
NHSW,"I, too, hope this can be resolved without any more violence. I feel for the parents.",2018-12-08 19:42:19.536946+00:00
JIRT,"It says ""alleged"", so they don't even know if that person they beat really was the person. Sad.",2018-12-08 19:58:19.891100+00:00
XXLN,Good thing he's off the streets.,2018-12-08 20:07:35.653306+00:00
EGTN,Horrible and sad.   Is vigilante justice an answer?,2018-12-08 20:12:42.990463+00:00
XWIY,"This story is truly devastating, prayers go out to the family. I also want to caution people about taking justice into their own hands, this person could' ",2018-12-08 20:14:17.784456+00:00
XWIY,"This story is truly devastating, prayers go out to the family. I also want to caution people about taking justice into their own hands, this person could ",2018-12-08 20:14:18.262857+00:00
3ZEM,"I would have to be ceratin he was the suspect, before I did anything. But if it were certain, I would have nothing to live for, an eye for an eye!",2018-12-08 20:14:37.584069+00:00
3YIT,he is innocent until proven.  Mobs are barbaric,2018-12-08 20:15:00.234260+00:00
XWIY,"Continuation from my last comment. This person could've hurt more people, please be careful.",2018-12-08 20:15:04.218533+00:00
JKR0,"This is horrible on all accounts...prayers for the child, but citizens can't act as vigilantes (what if this guy they beat is innocent?)",2018-12-08 20:15:37.771884+00:00
LDL2,Got what he deserved. ,2018-12-08 20:17:20.814235+00:00
JWQC,Makes me happy that someone beat the perpetrator up. I hope those who did do not face any charges. ,2018-12-08 20:17:37.543173+00:00
1YWQ,Another sad tragedy in America.,2018-12-08 20:19:36.227379+00:00
CMGN,what a tragedy,2018-12-08 20:19:54.781065+00:00
D7BU,I hope the family of the victim get the justice they deserve.,2018-12-08 20:20:51.225646+00:00
X8SN,How sad,2018-12-08 20:22:16.956514+00:00
WP9Q,Vigilante justice helps no one in this situation.,2018-12-08 20:24:06.504108+00:00
NHIN,TRUE DEFINITION OF MOB JUSTICE. NOT DESIRED BUT AT TIMES VERY HARD TO PREVENT,2018-12-08 20:25:39.295368+00:00
ZXJC,if the male is guilty he's lucky he only got beaten,2018-12-08 20:29:15.442056+00:00
AHCK,"This is so sad, but 2 wrongs dont make a right.",2018-12-08 20:31:31.531074+00:00
F209,"This is really sad, wondering who this man was, he only lived in the area for a year,  and why he murdered an innocent child. ",2018-12-08 20:37:48.493023+00:00
7KWY,allegedly....,2018-12-08 20:39:23.422687+00:00
8CUW,"You get what you deserve. An eye for eye, literally.",2018-12-08 20:41:15.190202+00:00
XXSZ,"An example of both safety in numbers and danger in crowds, all rolled into one.",2018-12-08 20:51:15.600578+00:00
NHL2,"why are they attacking him? He's only an alleged killer, he could be innocent.",2018-12-08 20:54:50.432641+00:00
ONKO,some people are worthless and harming an innocent child is terrible,2018-12-08 21:00:23.359145+00:00
XRUB,We should keep in mind that at this time he is the alleged perpetrator.,2018-12-08 21:01:08.484641+00:00
5APD,they should have killed him,2018-12-08 21:01:16.690013+00:00
BNO4,People should not take the law into their own hands,2018-12-08 21:01:51.867878+00:00
WMHM,I'd need to know with 100% certainty that he is guilty before condoning beating him.,2018-12-08 21:02:20.328726+00:00
9VB6,"Article gives no information on if he committed the crime or not, need more information before passing judgement",2018-12-08 21:03:38.886808+00:00
YFCH,We're supposed to live in a society where proof is required before guilt can be determined.  Justice can only be achieved when due process is followed.  I hope to see the attackers and the alleged murderer prosecuted for their crimes.,2018-12-08 21:03:54.101422+00:00
KLIE,Wow. Just wow. ,2018-12-08 21:04:28.631345+00:00
HO6S,These things I cannot comprehend. You have to be an animal to kill a child,2018-12-08 21:05:51.343350+00:00
EPLE,I would die if something happens to my son,2018-12-08 21:06:45.653004+00:00
5UNK,He got what he deserved.,2018-12-08 21:06:59.263756+00:00
ONTT,"So tragic. That poor child.  Also, how do we know this ALLEGED perpetrator is the actual murderer? The locals are just as bad as the murderer with this behavior.",2018-12-08 21:07:37.934681+00:00
VQHC,How can the man be like this?,2018-12-08 21:07:48.312795+00:00
JJ1V,Anyone got a link to the video?,2018-12-08 21:08:31.768030+00:00
WJLR,"Of course they are going to take the residents in, bill them, charge them and release them. The guy deserved it. ",2018-12-08 21:08:50.990480+00:00
PG6L,He deserves the same treatment he gave that poor child. Hope he rots,2018-12-08 21:09:14.807069+00:00
3WQE,"So much hatred and violence...My instinct is to agree with Donut227, however, violence will not be lessened by doing more violent acts. What is the answer?",2018-12-08 21:09:22.539980+00:00
4SSY,Nobody knows if the alleged perpetrator actually did the killing.  Innocent until proven guilty.,2018-12-08 21:11:07.686449+00:00
JBKG,I hope this gets solved,2018-12-08 21:12:23.082756+00:00
PO3Z,"If I had some alone time with the person who killed my child, I don't think he would have been left alive. I would have to know for sure though and have verifiable evidence proving that this was the person who commited said crime. These locals I don't believe knew that this man had really done it for sure.",2018-12-08 21:13:14.171039+00:00
ECJO,This is interesting.,2018-12-08 21:18:44.605327+00:00
7LEV,This is absurd,2018-12-08 21:18:45.436144+00:00
CRQF,The perpetrator was seriously injured; I hope the fellow prisoners finish him off ,2018-12-08 21:20:37.542776+00:00
78UE,What a tragedy.,2018-12-08 21:20:50.186203+00:00
GWXW,Killing is evil. I dont believe this,2018-12-08 21:21:32.058831+00:00
MFJD,"Guilty until proven innocent!  Oh wait, that is not supposed to be the way it works, is it?",2018-12-08 21:26:23.938707+00:00
QSYT,Fair Trials!!!!,2018-12-08 21:29:10.082033+00:00
XH1U,Killing kids is bad.,2018-12-08 21:31:30.155553+00:00
QKVO,God bless those people who sought out justice for that child.,2018-12-08 21:34:41.482676+00:00
YOA3,It's terrible but people can't take it upon themselves to get justice. That's a line we can't cross in society.,2018-12-08 21:39:57.111742+00:00
CKLQ,This is basically a modern day lynch mob. It's allegations.,2018-12-08 21:43:27.243663+00:00
TOML,"Idiots shouldn't take the law into their own hands, no matter how much a person might deserve it, because now they're in trouble too.",2018-12-08 21:45:22.468939+00:00
QVDV,That's sad.,2018-12-08 21:49:30.286899+00:00
OBQZ,A poorly written article. Why not tell t full story?,2018-12-08 21:54:38.249197+00:00
H0GU,Thoughts and prayers to the victims family!!! </3 </3,2018-12-08 22:07:18.477729+00:00
RP07,I hope they did not accidentally beat and injure an innocent man.,2018-12-08 22:21:11.455207+00:00
HNPA,This is such a sad story. Wow.,2018-12-08 22:34:42.477767+00:00
HWX4,so sad ,2018-12-08 22:44:55.039685+00:00
UHCE,There is no place for vigalantism no matter how disgusting his actions are. ,2018-12-08 23:15:15.556261+00:00
ERDE,This is a very terrible event.,2018-12-08 23:18:03.977337+00:00
UHCE,This is a terrible action all around. ,2018-12-08 23:19:17.035590+00:00
BQJN,I hope this doenst happen again. ,2018-12-08 23:19:19.958207+00:00
DKXB,This is horrible. Hope he got the justice he deserves! ,2018-12-08 23:19:34.198566+00:00
IHIF,I wonder if the perpretator was actually the one who committed the homicide. What evidence did the vigilante group have that made them so sure he was the person who commited the crime?,2018-12-08 23:23:02.450508+00:00
REA6,"Vigilantes do no good, let the police take care of the situation, then in prison let the cell block take care of him",2018-12-08 23:23:31.073203+00:00
R8TA,what is this world coming to? it breaks my heart to hear of all the crimes against defenseless children!,2018-12-08 23:23:41.035442+00:00
OQ0H,"It's just a sad situation, all around. ",2018-12-08 23:24:32.056571+00:00
JB4Z,"The article does not mention whether there was good evidence linking the murder suspect to the child's killing. If they beat up the wrong guy, then there is a real murderer on the streets thinking he/she got away with something. ",2018-12-08 23:25:51.499477+00:00
GDMX,We have police for a reason.  We can't take the law into our own hands and attack someone that we THINK may have killed someone.  He has not been tried or convicted yet.  What if he actually is innocent?,2018-12-08 23:27:30.438848+00:00
4KET,"I hope they didn't beat up the wrong guy.  If it's the right guy, though, good on them.",2018-12-08 23:29:07.635900+00:00
PBPR,"Sad to see such a tragedy strike a town, however, I think that man deserved more than a severe beating for killing a child. ",2018-12-08 23:30:12.153143+00:00
EN9I,wow thats crazy,2018-12-08 23:47:34.274787+00:00
BK1T,Guilt should be determined in cool deliberation during a trial.,2018-12-08 23:56:03.805219+00:00
FTET,I wonder if they beat the right person...,2018-12-09 00:13:27.802466+00:00
L4BF,This is very sad indeed!  ,2018-12-09 00:13:30.386314+00:00
EYLN,What went wrong?,2018-12-09 00:16:53.969667+00:00
8UZ2,"As a former resident of Ohio, news like this makes me very upset.",2018-12-09 00:22:45.877026+00:00
SZK5,"They shouldn't have attacked an ""alleged"" perpetrator. Sounds like it's not based on facts.",2018-12-09 00:23:18.493054+00:00
IAZL,He got what he deserved. ,2018-12-09 00:30:15.458535+00:00
BS4V,That's some scary shit.,2018-12-09 00:38:53.144125+00:00
8XAF,"Not all those who belong to the Muslim community are bad, but unfortunately they do not have such a great stereotype in the media. This is very sad, my condolences go out to the victim's family.  ",2018-12-09 00:49:55.932278+00:00
RKS0,"This is awful. While I don't condone this kind of violence, the man also did bring this on himself by doing something so awful. Hopefully he is brought to justice.",2018-12-09 00:57:26.637640+00:00
EMSM,I feel bad for everyone including that dude if he didn't do it. ,2018-12-09 01:15:12.206677+00:00
9JPR,This person is still an alleged perpetrator. There's a chance he could be innocent. I understand the community's response but think their reaction was a bit too presumptive.,2018-12-09 02:44:07.054835+00:00
KZE9,This is sad news,2018-12-09 02:58:33.190343+00:00
YSI7,The mob did not have to take justice into their own hands.,2018-12-09 03:01:57.276204+00:00
KXLI,this is very sad,2018-12-09 03:04:53.140484+00:00
YANH,I think it's unfair that the people assumed the man was guilty just because the police were picking him up.,2018-12-09 03:05:34.666723+00:00
I3KD,"We ought to be well past the lynch mob mentality, let justice run course. ",2018-12-09 03:09:24.610861+00:00
FUIM,This is crazy.,2018-12-09 03:09:32.186673+00:00
YQET,It's very sad. Prayers go out to the child and his/her family. ,2018-12-09 03:09:43.356168+00:00
QRMC,all good,2018-12-09 03:11:49.285269+00:00
QRMC,all good,2018-12-09 03:12:01.315276+00:00
8GBJ,"Wow, this is so messed up. I mean all around it is such a horrible and unfortunate situation. I pray God's hand over this whole situation and those affected.",2018-12-09 03:12:02.552526+00:00
QRMC,all good,2018-12-09 03:12:14.100244+00:00
QRMC,all good,2018-12-09 03:12:21.971772+00:00
5VKY,this is a horrible event,2018-12-09 03:12:33.398227+00:00
QRMC,all good,2018-12-09 03:12:34.311625+00:00
QRMC,all good,2018-12-09 03:12:43.070730+00:00
QRMC,all good,2018-12-09 03:12:58.868694+00:00
QRMC,all good,2018-12-09 03:13:03.925863+00:00
QRMC,all good,2018-12-09 03:13:07.170051+00:00
RWCT,Crazies gonna cray,2018-12-09 03:13:07.378080+00:00
QRMC,all good,2018-12-09 03:13:11.730173+00:00
QRMC,all good,2018-12-09 03:13:14.850035+00:00
QRMC,all good,2018-12-09 03:13:22.309375+00:00
QRMC,all good,2018-12-09 03:13:26.547122+00:00
QRMC,all good,2018-12-09 03:13:30.038718+00:00
QRMC,all good,2018-12-09 03:13:34.555097+00:00
YMGA,hmm,2018-12-09 03:17:17.032830+00:00
HCMN,"Wow, now we have mobs tracking down and beating ALLEGED perpetrators. USA is going downhill and becoming a third-word country.",2018-12-09 03:17:48.901353+00:00
GS4B,"Even though what this man did was horrible, he should have been arrested and not beaten in the street. There is a judicial system set in place to handle this.",2018-12-09 03:18:02.375155+00:00
FLUN,"We should be wary about rushing to judgement.  The murder of a child is a most heinous crime, but unless someone actually witnessed it happen or has incontrovertible proof it is possible that the suspect is actually innocent.  If that is the case then it would turn out that the local residents beat up an innocent man, while the real murderer is out there.",2018-12-09 03:21:26.606923+00:00
XUTJ,I wonder what the whole story is here.,2018-12-09 03:26:54.730594+00:00
H679,I hope it does not turn out that they beat the wrong person. Vigilante justice is dangerous.,2018-12-09 03:31:08.928184+00:00
9WLL,"There isn't much information to go by in this article, we don't know all the details, except that a group of people decided to take matters into their own hands (vigilante justice). We don't live in a third world country, this kind of behavior is reprehensible. One tragedy had already occurred, no need for another.",2018-12-09 03:31:28.687618+00:00
EJNW,"If he would have touched any of my children I would have probably done the same, I feel they have the right of self defense, and by self defense im mean defending those whom they love that are not able to defend themselves. That man deserves to rot ",2018-12-09 03:33:23.400644+00:00
E8XB,The suspect got what he deserved for beating up and slaying the child.,2018-12-09 03:33:26.379340+00:00
ZAMA,Such a horrible and disturbing story all around.  ,2018-12-09 03:34:23.487485+00:00
ZD6Y,what a bad action,2018-12-09 03:47:52.902487+00:00
HBOB,Disgraceful.,2018-12-09 04:12:37.751306+00:00
NPEJ,How could someone kill a child? That's so evil!,2018-12-09 04:23:19.546651+00:00
8GWI,We are a nation of laws and vigilante action is never appropriate.,2018-12-09 05:04:00.173215+00:00
KVJG,I hope these people are tried and convicted if guilty.  Taking the law in your own hands is not how a civilized community works.,2018-12-09 05:04:40.745065+00:00
TPVT,Sick world we live in.,2018-12-09 05:06:30.195564+00:00
SQJQ,"""Mama bear"" is a nice way of saying I'd rip you to shreds for harming my child.",2018-12-09 05:12:38.305796+00:00
4RJO,Sad,2018-12-09 05:16:11.871444+00:00
U4Y2,I hope they find out what really happened,2018-12-11 03:05:58.543206+00:00
BYF3,You all have incredible grammar and punctuation for this being the internet.,2018-12-11 03:06:29.622358+00:00
CAHX,"The word that makes this bad is ""alleged"".",2018-12-11 03:07:08.699884+00:00
M0V5,So sad. He clearly deserved to be beat. I have no feelings for him at all. Poor kiddo,2018-12-11 03:10:48.486524+00:00
ONJL,This story is lacking in details. How did people learn the suspect's identity? Are they related to the victim?,2018-12-11 03:11:21.729069+00:00
BIDK,"Very, very sad.",2018-12-11 03:11:50.625631+00:00
CQ1A,No details are given regarding why the locals thought the man killed the child. Direct witnesses? Prior threats or involvement?,2018-12-11 03:12:33.152289+00:00
N9SV,Read The Oxbow Incident to see why we shouldn't have vigilante parties like this.,2018-12-11 03:12:51.325387+00:00
M0TL,sad story all around,2018-12-11 03:13:51.438780+00:00
TPF0,Lets not create more victims in this tragedy. ,2018-12-11 03:15:35.717103+00:00
OUYC,Such a sad story...hope no one ever has to go through this kind of situation :(,2018-12-11 03:20:33.554031+00:00
AGYV,You get what you deserve,2018-12-11 03:21:36.023409+00:00
SLX0,that is exactly what he deserves ,2018-12-11 03:22:13.566921+00:00
NPGZ,Wow thats brutal,2018-12-11 03:22:18.625116+00:00
MJBW,Arrest and prosecute this creep to the limit of the law. Use him as an example of other people who hurt children!,2018-12-11 03:24:01.662066+00:00
FPFA,Sicko,2018-12-11 03:26:35.254571+00:00
M3GN,Hope they got the right guy.,2018-12-11 03:27:53.985269+00:00
6JTJ,Mob mentality. What happens if they find out that this alleged perp isn't the right guy? Where's the justice then?,2018-12-11 03:29:57.113715+00:00
PKYL,Ending the life of a child is a terrible thing but what drove people to think it was him? What proof was given?,2018-12-11 03:41:08.417430+00:00
5GCX,That is absolutely horrific.,2018-12-11 03:42:58.881292+00:00
FN8P,"The alleged perpetrator. We don't actually know what happened here, and in middle America I'm sure anyone with brown skin is an automatic target. Until the details come out I'd be careful thinking this mob justice is... good, in any reasonable way?",2018-12-11 03:49:25.982520+00:00
HUVQ,That is awful. That poor child. ,2018-12-11 03:50:05.862352+00:00
4FW1,Sad and unnecessary,2018-12-11 04:04:03.667276+00:00
1FG3,What a terrible situation.,2018-12-11 04:04:13.421439+00:00
TFXH,IT WAS VERY EMOTIONAL,2018-12-11 04:06:56.603840+00:00
HLET,is this life?,2018-12-11 04:18:44.758162+00:00
VFJR,Ridiculous - guy should get death penalty,2018-12-11 04:32:54.478049+00:00
TCBY,I do not feel sorry for the perpetrator even if this was an act of vigilantism. ,2018-12-11 04:41:49.393941+00:00
IEYI,I don't think that the locals should have involved themselves in the investigation. They should have left it to the professionals. ,2018-12-11 05:32:21.163275+00:00
NFVW,"Hmm, I thought it was innocent before proven guilty in a court of law in America.",2018-12-11 05:38:02.679720+00:00
AR01,"This makes me sad, but I can't help but to feel donut227's statement very much.",2018-12-11 05:38:21.648652+00:00
5B0C,When and where was the child killed? I am concerned that this article is missing information about that event.,2018-12-11 05:39:32.332852+00:00
OPGE,He deserves worse than he got,2018-12-11 05:40:23.108587+00:00
FA9Q,"Vigilante justice is no true justice. I can understand why the locals took action, but they need to be held accountable for their own actions.",2018-12-11 05:41:17.174913+00:00
FXKY,we need border protection no borders mean we have no country,2018-12-11 05:42:00.733680+00:00
MCWB,"My heart goes out to the victim and the victims' family regardless of who the perpetrator is, but before beating the guy someone should've made sure he actually was the perpetrator.",2018-12-11 05:45:18.033943+00:00
I1AM,There is nothing worst than losing your own child. My condolences to the family. ,2018-12-11 05:45:51.814710+00:00
SMJ8,If he alleged then how do they know one hundred percent that he is guilty? Now having said that I would have a very hard time not being violent if it were my child.,2018-12-11 05:47:48.294259+00:00
JRF5,"It is very sad and terrible that this happened, but I can understand why the towns people would do something like this could happen.",2018-12-11 05:49:13.150076+00:00
TCIS,"I wonder what led the ""locals"" to believe that this man was the murderer.",2018-12-11 05:49:33.799811+00:00
DEZQ,"Violence is uncalled for on all levels, by the perpertrator and by people reacting on their own. Let the justice system do its work.",2018-12-11 05:49:58.880308+00:00
JBTP,"kids are angels no one should kill them,they are just innocent.",2018-12-11 05:53:19.217674+00:00
01VA,The Homicide of Local Child is very best ,2018-12-11 05:53:49.643307+00:00
01VA,The Homicide of Local Child is very best ,2018-12-11 05:53:49.684271+00:00
3GGO,Condolences to her family so horrible ,2018-12-11 05:54:00.339235+00:00
ZRPE,The loss of a child is unbearable but vigilantism is wrong.  ,2018-12-11 05:55:58.738051+00:00
EELO,Hopefully the right man is punished. ,2018-12-11 05:56:40.842806+00:00
YT7C,well that's not good.,2018-12-11 05:57:43.869988+00:00
RLEJ,You gotta let the law handle these things.  It's only going to cause you problems when you try to serve your own justice.  ,2018-12-11 05:58:18.122269+00:00
56DJ,"No parent should endure this pain, children are suppose to burry their parents and not the other way around. I hope this evil man gets what is coming to him!",2018-12-11 06:04:34.242488+00:00
BACX,"THIS IS VERY SAD , TOO MANY KILLINGS OF YOUNG CHILDREN",2018-12-11 06:08:20.126650+00:00
KHVU,"He got what he had coming, what a sick man",2018-12-11 06:12:25.686011+00:00
QGBO,"People are jumping the gun a bit here, aren't they?",2018-12-11 06:15:12.499782+00:00
SCMS,"There is never an excuse for murder, let alone the murder of a child. ",2018-12-11 06:28:51.847743+00:00
9AFS,Hurting a child is the worst thing you could ever do.,2018-12-11 06:33:37.434342+00:00
HUZY,wow,2018-12-11 06:39:00.381632+00:00
1IZU,"It's hard to do sometimes, but vigilantism isn't the answer, especially when someone hasn't been found guilty yet.",2018-12-11 06:43:39.944955+00:00
EASE,"While I am glad that the alleged killer was taken into custody and off the streets, I am glad they didn't let the residents go scotch free. We can't take justice into our own hands especially without proof. That said, I also understand why they did. If I knew someone hurt my child, I'd kill them consequences and all.",2018-12-11 06:55:29.575301+00:00
PBYT,"One act of violence isn't stopped by another. One is horrific and the other isn't justice, it is only teaching in that, it makes it easier, it sets an unjustifiable precedence.",2018-12-11 08:19:18.585029+00:00
EPCL,When a child is murdered this makes people angry and if they thought or knew he had killed the child I can see why they would be angry,2018-12-11 15:47:04.124626+00:00
GG9C,Wow! Why would this Muslim refugee want to kill someone like that? He should be deported immediately with a permanent ban from the country for life! ,2018-12-11 15:50:32.180963+00:00
5FHN,Incredibly sad on multiple fronts...,2018-12-11 16:00:31.541803+00:00
4LIS,If this happened to me I wouldn't know what to think that's just disgusting and honestly this guy deserves all the hate he's getting. ,2018-12-11 16:05:47.054729+00:00
EYMU,Sad story all around.,2018-12-11 16:27:51.946108+00:00
HBN2,"this issue should be investigated throughoutly and handled with care and due dilligence, my condolescene to the family of the child",2018-12-11 16:41:50.552826+00:00
1M5L,he got what he deserved. ,2018-12-11 16:42:52.439568+00:00
Z7WK,This makes me so sad.,2018-12-11 16:43:43.487100+00:00
QPKS,Too bad they didn't kill the perp!,2018-12-11 16:43:54.426583+00:00
YO9B,"If the middle aged man was the perpetrator, I think he got what he deserved.",2018-12-11 16:49:51.617960+00:00
LMN2,"I fail to see the compassion for refugees, especially when they commit such horrible crimes against a child or our country. ",2018-12-11 16:50:42.582776+00:00
AY4B,Its a tough choice to cause harm to someone who has taken someone special from your life. Killing the perp does not anser the question of why this happens,2018-12-11 16:51:08.116379+00:00
C8WW,Just a very devestating situation all around.,2018-12-11 16:52:11.081614+00:00
GT1X,It's premature to attack someone who has not been proven guilty. This is behavior I would expect in some backward society.,2018-12-11 16:56:07.049123+00:00
BHSV,It is not good for anyone to suffer such mob justice.,2018-12-11 16:57:29.980482+00:00
SGMO,This was not a good thing and honestly I hope the family of the kid can get some closure,2018-12-11 17:15:48.837762+00:00
8ZI3,I think we need more details before making further comments.,2018-12-11 17:40:49.220506+00:00
I280,The whole situation is beyond terrible. ,2018-12-11 17:45:40.815242+00:00
25YB,"Follow-up, please",2018-12-11 17:47:32.785460+00:00
UVK1,SHOCKING IN A WAY. WHAT IS THE WORLD COMING TO.,2018-12-11 17:48:26.119422+00:00
UVK1,SHOCKING IN A WAY. WHAT IS THE WORLD COMING TO.,2018-12-11 17:48:26.204967+00:00
BLWN,Taking justice into your hands is never the solution.,2018-12-11 17:49:17.789314+00:00
ETN1,This is the definition of street justice. Glad they have the bad guy in custody!,2018-12-11 17:50:32.671602+00:00
TEDT,This is profoundly sad for all involved.  There is far too little detail to account for the cause of the events to make any conclusions.,2018-12-11 18:03:24.817273+00:00
VKOV,It is sad that the child was killed.  But taking justice into their own hands was a dangerous thing for these people to do.  Who gave them the power to judge?  What if they got the wrong person?  ,2018-12-11 18:14:57.943163+00:00
0QPF,I think that he deserved what he got. If that was my child I dont think I could refrain from hurting him either.,2018-12-11 18:48:23.118465+00:00
3A3I,"Vigilante justice is never right, but I can understand the desire to want to harm someone that harmed or murdered your child. ",2018-12-11 19:07:55.714523+00:00
IYDQ,"Sounds to me like city racism to blame the muslim, before a trail could even take place.",2018-12-11 19:15:52.625960+00:00
ISBG,"""...the alleged perpetrator"". So was this the actual guy who did it? Or did the people beat up an innocent man?",2018-12-11 19:19:54.400724+00:00
UTBL,"I don't want to leave a comment, nor do I want to like or report a comment. ",2018-12-11 19:22:01.346363+00:00
H0XL,I don't know what I would do if it were my child. It's very sad that this keeps happening. ,2018-12-11 19:25:32.169659+00:00
IR0H,"I'm no fan of Muslim refugees, but vigilantism is just as bad.",2018-12-11 19:28:06.660892+00:00
CDOL,Such a terrible event this was. I don't know what words can be said after such a act has taken place.,2018-12-11 19:34:12.690026+00:00
OULM,I wonder if any of the locals that took justice into their own hands knew the victim.,2018-12-11 19:56:19.252752+00:00
8MRF,How sad :(,2018-12-11 19:58:22.234941+00:00
062V,Anyone who messes with my children will find themselves in a body bag. Dirt nap. End of story.,2018-12-11 20:02:30.147161+00:00
LJBQ,This is so sad. Prayers for the victims!,2018-12-11 20:03:30.098284+00:00
LUWJ,Were they sure that the man was guilty of the crime?,2018-12-11 20:05:02.177714+00:00
FM7G,A heinous crime this person has to pay for what he did !!,2018-12-11 20:15:40.550431+00:00
FM7G,A heinous crime this person has to pay for what he did !!,2018-12-11 20:15:40.846411+00:00
YQHT,"I couldn't imagine how I would react if this man touched my child, however I think it's a tad aggressive that these people then attacked him. just let the police deal with him!",2018-12-11 21:12:27.817164+00:00
FPW8,"People should let the police handle it, and stop taking the law into their own hands. ",2018-12-11 21:56:52.604093+00:00
JPUT,What is wrong with him? Who can be so cruel! ,2018-12-11 23:41:28.612901+00:00
R1QN,I am glad this guy was caught! Let them have jailhouse justice on him! Nobody likes people in jail who hurt kids or the elderly. He is a lowlife! Good work police keep the streets of Ohio safe!,2018-12-11 23:57:56.161470+00:00
E4DO,This is terrible,2018-12-12 00:28:15.582021+00:00